script	placement	placement_reason	scale_class	confidence_10tb	confidence_50tb	scale_reason	prerequisites	risk_flags	disposable_runtime	read_only_runtime	pg_monitor_runtime
00_environment/01_server_instance_overview.sql	EITHER_METADATA	Catalog/metadata diagnostic; a sufficiently current reader can offload the writer.	HIGH	HIGH	HIGH	Bounded catalog/statistics query; not proportional to user-table bytes.	none	none	PASS	PASS	PASS
00_environment/02_extensions_installed.sql	EITHER_METADATA	Catalog/metadata diagnostic; a sufficiently current reader can offload the writer.	MEDIUM_HIGH	HIGH	MEDIUM_HIGH	Catalog/statistics-wide query; scales with object/session/statistics cardinality.	none	none	PASS	PASS	PASS
00_environment/03_database_catalog_overview.sql	EITHER_METADATA	Catalog/metadata diagnostic; a sufficiently current reader can offload the writer.	MEDIUM_HIGH	HIGH	MEDIUM_HIGH	Catalog/statistics-wide query; scales with object/session/statistics cardinality.	none	none	PASS	PASS	PASS
01_database_size/01_databases_size.sql	EITHER_METADATA	Catalog/metadata diagnostic; a sufficiently current reader can offload the writer.	MEDIUM	MEDIUM_HIGH	MEDIUM	Calls size functions across relation catalogs; cost grows with object/segment count.	none	SIZE_CALL_LOOP	PASS	PASS	PASS
01_database_size/02_current_database_size_breakdown.sql	EITHER_METADATA	Catalog/metadata diagnostic; a sufficiently current reader can offload the writer.	MEDIUM	MEDIUM_HIGH	MEDIUM	Calls size functions across relation catalogs; cost grows with object/segment count.	none	SIZE_CALL_LOOP	PASS	PASS	PASS
01_database_size/03_tablespaces_size.sql	EITHER_METADATA	Catalog/metadata diagnostic; a sufficiently current reader can offload the writer.	MEDIUM_HIGH	HIGH	MEDIUM_HIGH	Catalog/statistics-wide query; scales with object/session/statistics cardinality.	none	SIZE_CALL	PASS	PASS	PASS
02_table_storage/01_table_size_breakdown.sql	EITHER_METADATA	Catalog/metadata diagnostic; a sufficiently current reader can offload the writer.	MEDIUM	MEDIUM_HIGH	MEDIUM	Calls size functions across relation catalogs; cost grows with object/segment count.	none	SIZE_CALL_LOOP	PASS	PASS	PASS
02_table_storage/02_top_largest_tables.sql	WRITER_REQUIRED	Writer-local DML, vacuum, WAL, or maintenance statistics are authoritative.	MEDIUM	MEDIUM_HIGH	MEDIUM	Calls size functions across relation catalogs; cost grows with object/segment count.	none	SIZE_CALL_LOOP	PASS	PASS	PASS
02_table_storage/03_table_growth_baseline_snapshot.sql	WRITER_REQUIRED	Writer-local DML, vacuum, WAL, or maintenance statistics are authoritative.	MEDIUM_HIGH	HIGH	MEDIUM_HIGH	Catalog/statistics-wide query; scales with object/session/statistics cardinality.	none	SIZE_CALL	PASS	PASS	PASS
02_table_storage/04_relation_storage_parameters.sql	EITHER_METADATA	Catalog/metadata diagnostic; a sufficiently current reader can offload the writer.	MEDIUM_HIGH	HIGH	MEDIUM_HIGH	Catalog/statistics-wide query; scales with object/session/statistics cardinality.	none	none	PASS	PASS	PASS
03_index_analysis/01_index_size_and_usage.sql	TARGET_INSTANCE	Runtime counters are instance-local; run on the writer or reader whose workload is being diagnosed.	MEDIUM_HIGH	HIGH	MEDIUM_HIGH	Catalog/statistics-wide query; scales with object/session/statistics cardinality.	none	SIZE_CALL	PASS	PASS	PASS
03_index_analysis/02_unused_indexes_candidates.sql	TARGET_INSTANCE	Runtime counters are instance-local; run on the writer or reader whose workload is being diagnosed.	MEDIUM_HIGH	HIGH	MEDIUM_HIGH	Catalog/statistics-wide query; scales with object/session/statistics cardinality.	none	SIZE_CALL	PASS	PASS	PASS
03_index_analysis/03_duplicate_indexes.sql	EITHER_METADATA	Catalog/metadata diagnostic; a sufficiently current reader can offload the writer.	MEDIUM_HIGH	HIGH	MEDIUM_HIGH	Catalog/statistics-wide query; scales with object/session/statistics cardinality.	none	SIZE_CALL	PASS	PASS	PASS
03_index_analysis/04_index_maintenance_candidates.sql	TARGET_INSTANCE	Runtime counters are instance-local; run on the writer or reader whose workload is being diagnosed.	MEDIUM_HIGH	HIGH	MEDIUM_HIGH	Catalog/statistics-wide query; scales with object/session/statistics cardinality.	none	SIZE_CALL	PASS	PASS	PASS
04_toast_lob_blob/01_tables_with_toast.sql	EITHER_METADATA	Catalog/metadata diagnostic; a sufficiently current reader can offload the writer.	MEDIUM	MEDIUM_HIGH	MEDIUM	Calls size functions across relation catalogs; cost grows with object/segment count.	none	SIZE_CALL_LOOP	PASS	PASS	PASS
04_toast_lob_blob/02_toast_heavy_tables.sql	EITHER_METADATA	Catalog/metadata diagnostic; a sufficiently current reader can offload the writer.	MEDIUM	MEDIUM_HIGH	MEDIUM	Calls size functions across relation catalogs; cost grows with object/segment count.	none	SIZE_CALL_LOOP	PASS	PASS	PASS
04_toast_lob_blob/03_large_objects_summary.sql	EITHER_METADATA	Catalog/metadata diagnostic; a sufficiently current reader can offload the writer.	LOW	LOW	LOW	Scans pg_largeobject data; runtime is proportional to large-object volume.	none	DATA_SCAN	PASS	PASS	FAIL
04_toast_lob_blob/04_top_large_objects.sql	EITHER_METADATA	Catalog/metadata diagnostic; a sufficiently current reader can offload the writer.	LOW	LOW	LOW	Scans pg_largeobject data; runtime is proportional to large-object volume.	none	DATA_SCAN	PASS	PASS	FAIL
05_partitioning/01_partitioned_tables_overview.sql	EITHER_METADATA	Catalog/metadata diagnostic; a sufficiently current reader can offload the writer.	MEDIUM_HIGH	HIGH	MEDIUM_HIGH	Catalog/statistics-wide query; scales with object/session/statistics cardinality.	none	none	PASS	PASS	PASS
05_partitioning/02_partition_size_distribution.sql	EITHER_METADATA	Catalog/metadata diagnostic; a sufficiently current reader can offload the writer.	MEDIUM_HIGH	HIGH	MEDIUM_HIGH	Catalog/statistics-wide query; scales with object/session/statistics cardinality.	none	SIZE_CALL	PASS	PASS	PASS
05_partitioning/03_partitions_without_indexes.sql	EITHER_METADATA	Catalog/metadata diagnostic; a sufficiently current reader can offload the writer.	MEDIUM_HIGH	HIGH	MEDIUM_HIGH	Catalog/statistics-wide query; scales with object/session/statistics cardinality.	none	none	PASS	PASS	PASS
05_partitioning/04_partitioning_recommendation_candidates.sql	TARGET_INSTANCE	Runtime counters are instance-local; run on the writer or reader whose workload is being diagnosed.	MEDIUM_HIGH	HIGH	MEDIUM_HIGH	Catalog/statistics-wide query; scales with object/session/statistics cardinality.	none	SIZE_CALL	PASS	PASS	PASS
05_partitioning/05_partition_sme_decision_scorecard.sql	TARGET_INSTANCE	Runtime counters are instance-local; run on the writer or reader whose workload is being diagnosed.	MEDIUM_HIGH	HIGH	MEDIUM_HIGH	Catalog/statistics-wide query; scales with object/session/statistics cardinality.	none	SIZE_CALL	PASS	PASS	PASS
05_partitioning/06_partition_target_table_deep_advisor.sql	WRITER_ONLY	Empirically rejected by PostgreSQL read-only execution after prerequisites were installed.	MEDIUM	MEDIUM_HIGH	MEDIUM	Calls size functions across relation catalogs; cost grows with object/segment count.	DDL/DML privileges	PERSISTENT_WRITE,TEMP_DDL,SIZE_CALL_LOOP	PASS	FAIL	FAIL
05_partitioning/07_partition_lab_generate_5gb_timeseries.sql	WRITER_ONLY	Empirically rejected by PostgreSQL read-only execution after prerequisites were installed.	PROHIBITED_PRODUCTION	NO	NO	Destructive lab: drops/recreates a persistent table and writes at least 5 GiB.	DDL/DML privileges	PERSISTENT_WRITE,TEMP_DDL,SIZE_CALL,SESSION_SETTING,DATA_GENERATOR	SKIP_DESTRUCTIVE_LAB	FAIL	FAIL
06_activity_locks/01_active_sessions.sql	TARGET_INSTANCE	Runtime counters are instance-local; run on the writer or reader whose workload is being diagnosed.	MEDIUM_HIGH	HIGH	MEDIUM_HIGH	Catalog/statistics-wide query; scales with object/session/statistics cardinality.	none	none	PASS	PASS	PASS
06_activity_locks/02_blocking_and_blocked_sessions.sql	TARGET_INSTANCE	Runtime counters are instance-local; run on the writer or reader whose workload is being diagnosed.	MEDIUM_HIGH	HIGH	MEDIUM_HIGH	Catalog/statistics-wide query; scales with object/session/statistics cardinality.	none	none	PASS	PASS	PASS
06_activity_locks/03_long_running_transactions.sql	TARGET_INSTANCE	Runtime counters are instance-local; run on the writer or reader whose workload is being diagnosed.	MEDIUM_HIGH	HIGH	MEDIUM_HIGH	Catalog/statistics-wide query; scales with object/session/statistics cardinality.	none	none	PASS	PASS	PASS
06_activity_locks/04_wait_events_summary.sql	TARGET_INSTANCE	Runtime counters are instance-local; run on the writer or reader whose workload is being diagnosed.	MEDIUM_HIGH	HIGH	MEDIUM_HIGH	Scans/sorts pg_stat_statements; bounded by tracked statement cardinality, not table TB.	pg_stat_statements,PostgreSQL 16+,DDL/DML privileges	PERSISTENT_WRITE,PGSS_SCAN	PASS	PASS	PASS
07_vacuum_bloat/01_table_bloat_estimate.sql	WRITER_REQUIRED	Writer-local DML, vacuum, WAL, or maintenance statistics are authoritative.	MEDIUM_HIGH	HIGH	MEDIUM_HIGH	Catalog/statistics-wide query; scales with object/session/statistics cardinality.	DDL/DML privileges	PERSISTENT_WRITE,SIZE_CALL	PASS	PASS	PASS
07_vacuum_bloat/02_autovacuum_table_status.sql	WRITER_REQUIRED	Writer-local DML, vacuum, WAL, or maintenance statistics are authoritative.	MEDIUM_HIGH	HIGH	MEDIUM_HIGH	Catalog/statistics-wide query; scales with object/session/statistics cardinality.	none	none	PASS	PASS	PASS
07_vacuum_bloat/03_freeze_age_risk.sql	WRITER_REQUIRED	Writer-local DML, vacuum, WAL, or maintenance statistics are authoritative.	MEDIUM	MEDIUM_HIGH	MEDIUM	Calls size functions across relation catalogs; cost grows with object/segment count.	DDL/DML privileges	PERSISTENT_WRITE,SIZE_CALL_LOOP	PASS	PASS	PASS
07_vacuum_bloat/04_dead_tuples_hotspots.sql	WRITER_REQUIRED	Writer-local DML, vacuum, WAL, or maintenance statistics are authoritative.	MEDIUM_HIGH	HIGH	MEDIUM_HIGH	Catalog/statistics-wide query; scales with object/session/statistics cardinality.	DDL/DML privileges	PERSISTENT_WRITE,SIZE_CALL	PASS	PASS	PASS
07_vacuum_bloat/05_vacuum_progress.sql	WRITER_ONLY	Empirically rejected by PostgreSQL read-only execution after prerequisites were installed.	MEDIUM_HIGH	HIGH	MEDIUM_HIGH	Catalog/statistics-wide query; scales with object/session/statistics cardinality.	DDL/DML privileges	PERSISTENT_WRITE,TEMP_DDL	PASS	FAIL	FAIL
08_replication_ha/01_primary_replication_status.sql	WRITER_PREFERRED	Uses primary WAL/archive/sender state.	MEDIUM_HIGH	HIGH	MEDIUM_HIGH	Catalog/statistics-wide query; scales with object/session/statistics cardinality.	none	none	PASS	PASS	PASS
08_replication_ha/02_standby_replay_status.sql	READER_PREFERRED	Uses standby receive/replay state.	HIGH	HIGH	HIGH	Bounded catalog/statistics query; not proportional to user-table bytes.	none	none	PASS	PASS	PASS
08_replication_ha/03_replication_slots_health.sql	WRITER_PREFERRED	Uses primary WAL/archive/sender state.	MEDIUM_HIGH	HIGH	MEDIUM_HIGH	Catalog/statistics-wide query; scales with object/session/statistics cardinality.	none	none	PASS	PASS	PASS
08_replication_ha/04_wal_generation_rate.sql	WRITER_REQUIRED	Writer-local DML, vacuum, WAL, or maintenance statistics are authoritative.	HIGH	HIGH	HIGH	Bounded catalog/statistics query; not proportional to user-table bytes.	none	none	PASS	PASS	PASS
09_security_roles/01_roles_and_membership.sql	EITHER_METADATA	Catalog/metadata diagnostic; a sufficiently current reader can offload the writer.	MEDIUM_HIGH	HIGH	MEDIUM_HIGH	Catalog/statistics-wide query; scales with object/session/statistics cardinality.	none	none	PASS	PASS	PASS
09_security_roles/02_high_privilege_roles.sql	EITHER_METADATA	Catalog/metadata diagnostic; a sufficiently current reader can offload the writer.	MEDIUM_HIGH	HIGH	MEDIUM_HIGH	Catalog/statistics-wide query; scales with object/session/statistics cardinality.	none	none	PASS	PASS	PASS
09_security_roles/03_table_grants_by_role.sql	EITHER_METADATA	Catalog/metadata diagnostic; a sufficiently current reader can offload the writer.	MEDIUM_HIGH	HIGH	MEDIUM_HIGH	Catalog/statistics-wide query; scales with object/session/statistics cardinality.	none	none	PASS	PASS	PASS
09_security_roles/04_default_privileges.sql	EITHER_METADATA	Catalog/metadata diagnostic; a sufficiently current reader can offload the writer.	MEDIUM_HIGH	HIGH	MEDIUM_HIGH	Catalog/statistics-wide query; scales with object/session/statistics cardinality.	none	none	PASS	PASS	PASS
10_maintenance_monitoring/01_bgwriter_checkpoint_stats.sql	WRITER_ONLY	Empirically rejected by PostgreSQL read-only execution after prerequisites were installed.	HIGH	HIGH	HIGH	Bounded catalog/statistics query; not proportional to user-table bytes.	PostgreSQL 17+ or guarded fallback,DDL/DML privileges	PERSISTENT_WRITE,TEMP_DDL	PASS	FAIL	FAIL
10_maintenance_monitoring/02_cache_hit_ratio.sql	TARGET_INSTANCE	Runtime counters are instance-local; run on the writer or reader whose workload is being diagnosed.	HIGH	HIGH	HIGH	Bounded catalog/statistics query; not proportional to user-table bytes.	PostgreSQL 16+	SESSION_SETTING	PASS	PASS	PASS
10_maintenance_monitoring/03_top_statements_pg_stat_statements.sql	TARGET_INSTANCE	Runtime counters are instance-local; run on the writer or reader whose workload is being diagnosed.	MEDIUM_HIGH	HIGH	MEDIUM_HIGH	Scans/sorts pg_stat_statements; bounded by tracked statement cardinality, not table TB.	pg_stat_statements,PostgreSQL 16+	PGSS_SCAN	PASS	PASS	PASS
10_maintenance_monitoring/04_non_default_config.sql	EITHER_METADATA	Catalog/metadata diagnostic; a sufficiently current reader can offload the writer.	MEDIUM_HIGH	HIGH	MEDIUM_HIGH	Catalog/statistics-wide query; scales with object/session/statistics cardinality.	none	none	PASS	PASS	PASS
10_maintenance_monitoring/05_connection_capacity.sql	TARGET_INSTANCE	Runtime counters are instance-local; run on the writer or reader whose workload is being diagnosed.	HIGH	HIGH	HIGH	Bounded catalog/statistics query; not proportional to user-table bytes.	none	none	PASS	PASS	PASS
11_performance_tuning/01_top_queries_by_total_exec_time.sql	TARGET_INSTANCE	Runtime counters are instance-local; run on the writer or reader whose workload is being diagnosed.	MEDIUM_HIGH	HIGH	MEDIUM_HIGH	Scans/sorts pg_stat_statements; bounded by tracked statement cardinality, not table TB.	pg_stat_statements,DDL/DML privileges	PERSISTENT_WRITE,PGSS_SCAN	PASS	PASS	PASS
11_performance_tuning/02_top_queries_by_mean_exec_time.sql	TARGET_INSTANCE	Runtime counters are instance-local; run on the writer or reader whose workload is being diagnosed.	MEDIUM_HIGH	HIGH	MEDIUM_HIGH	Scans/sorts pg_stat_statements; bounded by tracked statement cardinality, not table TB.	pg_stat_statements,DDL/DML privileges	PERSISTENT_WRITE,PGSS_SCAN	PASS	PASS	PASS
11_performance_tuning/03_temp_file_heavy_queries.sql	TARGET_INSTANCE	Runtime counters are instance-local; run on the writer or reader whose workload is being diagnosed.	HIGH	HIGH	HIGH	Bounded catalog/statistics query; not proportional to user-table bytes.	pg_stat_statements	PGSS_SCAN	PASS	PASS	PASS
11_performance_tuning/04_io_bound_query_candidates.sql	TARGET_INSTANCE	Runtime counters are instance-local; run on the writer or reader whose workload is being diagnosed.	HIGH	HIGH	HIGH	Bounded catalog/statistics query; not proportional to user-table bytes.	pg_stat_statements	PGSS_SCAN	PASS	PASS	PASS
11_performance_tuning/05_performance_related_settings.sql	EITHER_METADATA	Catalog/metadata diagnostic; a sufficiently current reader can offload the writer.	MEDIUM_HIGH	HIGH	MEDIUM_HIGH	Catalog/statistics-wide query; scales with object/session/statistics cardinality.	none	none	PASS	PASS	PASS
11_performance_tuning/06_function_hotspots.sql	EITHER_METADATA	Catalog/metadata diagnostic; a sufficiently current reader can offload the writer.	HIGH	HIGH	HIGH	Bounded catalog/statistics query; not proportional to user-table bytes.	none	none	PASS	PASS	PASS
11_performance_tuning/07_top_10_cpu_intensive_queries_pgadmin.sql	TARGET_INSTANCE	Runtime counters are instance-local; run on the writer or reader whose workload is being diagnosed.	HIGH	HIGH	HIGH	Bounded catalog/statistics query; not proportional to user-table bytes.	pg_stat_statements	PGSS_SCAN	PASS	PASS	PASS
11_performance_tuning/08_top_10_temp_disk_spill_queries_pgadmin.sql	TARGET_INSTANCE	Runtime counters are instance-local; run on the writer or reader whose workload is being diagnosed.	HIGH	HIGH	HIGH	Bounded catalog/statistics query; not proportional to user-table bytes.	pg_stat_statements	PGSS_SCAN	PASS	PASS	PASS
11_performance_tuning/09_top_10_memory_pressure_queries_pgadmin.sql	TARGET_INSTANCE	Runtime counters are instance-local; run on the writer or reader whose workload is being diagnosed.	HIGH	HIGH	HIGH	Bounded catalog/statistics query; not proportional to user-table bytes.	pg_stat_statements	PGSS_SCAN	PASS	PASS	PASS
11_performance_tuning/10_active_top_10_runtime_pressure_pgadmin.sql	TARGET_INSTANCE	Runtime counters are instance-local; run on the writer or reader whose workload is being diagnosed.	HIGH	HIGH	HIGH	Bounded catalog/statistics query; not proportional to user-table bytes.	none	none	PASS	PASS	PASS
12_planner_statistics/01_tables_needing_analyze.sql	TARGET_INSTANCE	Runtime counters are instance-local; run on the writer or reader whose workload is being diagnosed.	MEDIUM_HIGH	HIGH	MEDIUM_HIGH	Catalog/statistics-wide query; scales with object/session/statistics cardinality.	none	none	PASS	PASS	PASS
12_planner_statistics/02_seq_scan_hotspots.sql	WRITER_REQUIRED	Writer-local DML, vacuum, WAL, or maintenance statistics are authoritative.	MEDIUM_HIGH	HIGH	MEDIUM_HIGH	Catalog/statistics-wide query; scales with object/session/statistics cardinality.	none	SIZE_CALL,EXECUTES_QUERY	PASS	PASS	PASS
12_planner_statistics/03_column_stats_profile.sql	EITHER_METADATA	Catalog/metadata diagnostic; a sufficiently current reader can offload the writer.	MEDIUM_HIGH	HIGH	MEDIUM_HIGH	Catalog/statistics-wide query; scales with object/session/statistics cardinality.	none	none	PASS	PASS	PASS
12_planner_statistics/04_extended_stats_candidates.sql	TARGET_INSTANCE	Runtime counters are instance-local; run on the writer or reader whose workload is being diagnosed.	MEDIUM	MEDIUM_HIGH	MEDIUM	Calls size functions across relation catalogs; cost grows with object/segment count.	none	SIZE_CALL_LOOP	PASS	PASS	PASS
12_planner_statistics/05_autovacuum_analyze_settings_by_table.sql	EITHER_METADATA	Catalog/metadata diagnostic; a sufficiently current reader can offload the writer.	MEDIUM_HIGH	HIGH	MEDIUM_HIGH	Catalog/statistics-wide query; scales with object/session/statistics cardinality.	none	none	PASS	PASS	PASS
12_planner_statistics/06_planner_cost_settings.sql	EITHER_METADATA	Catalog/metadata diagnostic; a sufficiently current reader can offload the writer.	MEDIUM_HIGH	HIGH	MEDIUM_HIGH	Catalog/statistics-wide query; scales with object/session/statistics cardinality.	none	none	PASS	PASS	PASS
13_io_wal_checkpoints/01_database_io_profile.sql	TARGET_INSTANCE	Runtime counters are instance-local; run on the writer or reader whose workload is being diagnosed.	MEDIUM_HIGH	HIGH	MEDIUM_HIGH	Catalog/statistics-wide query; scales with object/session/statistics cardinality.	none	none	PASS	PASS	PASS
13_io_wal_checkpoints/02_table_io_hotspots.sql	EITHER_METADATA	Catalog/metadata diagnostic; a sufficiently current reader can offload the writer.	MEDIUM_HIGH	HIGH	MEDIUM_HIGH	Catalog/statistics-wide query; scales with object/session/statistics cardinality.	none	SIZE_CALL	PASS	PASS	PASS
13_io_wal_checkpoints/03_index_io_hotspots.sql	EITHER_METADATA	Catalog/metadata diagnostic; a sufficiently current reader can offload the writer.	MEDIUM_HIGH	HIGH	MEDIUM_HIGH	Catalog/statistics-wide query; scales with object/session/statistics cardinality.	none	SIZE_CALL	PASS	PASS	PASS
13_io_wal_checkpoints/04_wal_archiver_health.sql	WRITER_PREFERRED	Uses primary WAL/archive/sender state.	HIGH	HIGH	HIGH	Bounded catalog/statistics query; not proportional to user-table bytes.	none	none	PASS	PASS	PASS
13_io_wal_checkpoints/05_checkpoint_pressure_indicators.sql	WRITER_ONLY	Empirically rejected by PostgreSQL read-only execution after prerequisites were installed.	HIGH	HIGH	HIGH	Bounded catalog/statistics query; not proportional to user-table bytes.	PostgreSQL 17+ or guarded fallback,DDL/DML privileges	PERSISTENT_WRITE,TEMP_DDL	PASS	FAIL	FAIL
13_io_wal_checkpoints/06_temp_file_usage_by_database.sql	TARGET_INSTANCE	Runtime counters are instance-local; run on the writer or reader whose workload is being diagnosed.	MEDIUM_HIGH	HIGH	MEDIUM_HIGH	Catalog/statistics-wide query; scales with object/session/statistics cardinality.	none	none	PASS	PASS	PASS
13_io_wal_checkpoints/07_pg_stat_io_overview_pg16_plus.sql	WRITER_ONLY	Empirically rejected by PostgreSQL read-only execution after prerequisites were installed.	MEDIUM_HIGH	HIGH	MEDIUM_HIGH	Catalog/statistics-wide query; scales with object/session/statistics cardinality.	PostgreSQL 16+,DDL/DML privileges	PERSISTENT_WRITE,TEMP_DDL	PASS	FAIL	FAIL
14_connection_workload/01_connections_by_user_app_db.sql	TARGET_INSTANCE	Runtime counters are instance-local; run on the writer or reader whose workload is being diagnosed.	MEDIUM_HIGH	HIGH	MEDIUM_HIGH	Catalog/statistics-wide query; scales with object/session/statistics cardinality.	none	none	PASS	PASS	PASS
14_connection_workload/02_idle_in_transaction_risk.sql	TARGET_INSTANCE	Runtime counters are instance-local; run on the writer or reader whose workload is being diagnosed.	MEDIUM_HIGH	HIGH	MEDIUM_HIGH	Catalog/statistics-wide query; scales with object/session/statistics cardinality.	none	none	PASS	PASS	PASS
14_connection_workload/03_connection_state_distribution.sql	TARGET_INSTANCE	Runtime counters are instance-local; run on the writer or reader whose workload is being diagnosed.	MEDIUM_HIGH	HIGH	MEDIUM_HIGH	Catalog/statistics-wide query; scales with object/session/statistics cardinality.	none	none	PASS	PASS	PASS
14_connection_workload/04_role_connection_limit_risk.sql	TARGET_INSTANCE	Runtime counters are instance-local; run on the writer or reader whose workload is being diagnosed.	MEDIUM_HIGH	HIGH	MEDIUM_HIGH	Catalog/statistics-wide query; scales with object/session/statistics cardinality.	none	none	PASS	PASS	PASS
14_connection_workload/05_backend_type_distribution.sql	TARGET_INSTANCE	Runtime counters are instance-local; run on the writer or reader whose workload is being diagnosed.	MEDIUM_HIGH	HIGH	MEDIUM_HIGH	Catalog/statistics-wide query; scales with object/session/statistics cardinality.	none	none	PASS	PASS	PASS
14_connection_workload/06_prepared_transactions_status.sql	EITHER_METADATA	Catalog/metadata diagnostic; a sufficiently current reader can offload the writer.	MEDIUM_HIGH	HIGH	MEDIUM_HIGH	Catalog/statistics-wide query; scales with object/session/statistics cardinality.	none	none	PASS	PASS	PASS
15_capacity_forecasting/01_create_capacity_repository.sql	WRITER_ONLY	Empirically rejected by PostgreSQL read-only execution after prerequisites were installed.	HIGH	HIGH	HIGH	Bounded catalog/statistics query; not proportional to user-table bytes.	DDL/DML privileges	PERSISTENT_WRITE,TEMP_DDL	PASS	FAIL	FAIL
15_capacity_forecasting/02_capture_database_size_snapshot.sql	WRITER_ONLY	Empirically rejected by PostgreSQL read-only execution after prerequisites were installed.	MEDIUM	MEDIUM_HIGH	MEDIUM	Database-size traversal can be expensive with many files/segments or databases.	DDL/DML privileges	PERSISTENT_WRITE,SIZE_CALL	PASS	FAIL	FAIL
15_capacity_forecasting/03_capture_table_size_snapshot.sql	WRITER_ONLY	Empirically rejected by PostgreSQL read-only execution after prerequisites were installed.	HIGH	HIGH	HIGH	Bounded catalog/statistics query; not proportional to user-table bytes.	DDL/DML privileges	PERSISTENT_WRITE,SIZE_CALL	PASS	FAIL	FAIL
15_capacity_forecasting/04_capture_index_size_snapshot.sql	WRITER_ONLY	Empirically rejected by PostgreSQL read-only execution after prerequisites were installed.	HIGH	HIGH	HIGH	Bounded catalog/statistics query; not proportional to user-table bytes.	DDL/DML privileges	PERSISTENT_WRITE,SIZE_CALL	PASS	FAIL	FAIL
15_capacity_forecasting/05_capture_connection_snapshot.sql	WRITER_ONLY	Empirically rejected by PostgreSQL read-only execution after prerequisites were installed.	HIGH	HIGH	HIGH	Bounded catalog/statistics query; not proportional to user-table bytes.	DDL/DML privileges	PERSISTENT_WRITE	PASS	FAIL	FAIL
15_capacity_forecasting/06_capture_wal_snapshot.sql	WRITER_ONLY	Empirically rejected by PostgreSQL read-only execution after prerequisites were installed.	HIGH	HIGH	HIGH	Bounded catalog/statistics query; not proportional to user-table bytes.	DDL/DML privileges	PERSISTENT_WRITE	PASS	FAIL	FAIL
15_capacity_forecasting/07_database_growth_report.sql	EITHER_METADATA	Catalog/metadata diagnostic; a sufficiently current reader can offload the writer.	MEDIUM_HIGH	HIGH	MEDIUM_HIGH	Catalog/statistics-wide query; scales with object/session/statistics cardinality.	none	none	PASS	PASS	PASS
15_capacity_forecasting/08_table_growth_report.sql	EITHER_METADATA	Catalog/metadata diagnostic; a sufficiently current reader can offload the writer.	HIGH	HIGH	HIGH	Bounded catalog/statistics query; not proportional to user-table bytes.	none	none	PASS	PASS	PASS
16_internals_deep_dive/01_database_xid_multixact_age.sql	EITHER_METADATA	Catalog/metadata diagnostic; a sufficiently current reader can offload the writer.	MEDIUM_HIGH	HIGH	MEDIUM_HIGH	Catalog/statistics-wide query; scales with object/session/statistics cardinality.	none	none	PASS	PASS	PASS
16_internals_deep_dive/02_relation_filenode_mapping.sql	EITHER_METADATA	Catalog/metadata diagnostic; a sufficiently current reader can offload the writer.	MEDIUM_HIGH	HIGH	MEDIUM_HIGH	Catalog/statistics-wide query; scales with object/session/statistics cardinality.	none	none	PASS	PASS	PASS
16_internals_deep_dive/03_system_catalog_size_profile.sql	EITHER_METADATA	Catalog/metadata diagnostic; a sufficiently current reader can offload the writer.	MEDIUM	MEDIUM_HIGH	MEDIUM	Calls size functions across relation catalogs; cost grows with object/segment count.	none	SIZE_CALL_LOOP	PASS	PASS	PASS
16_internals_deep_dive/04_dependency_fanout_objects.sql	EITHER_METADATA	Catalog/metadata diagnostic; a sufficiently current reader can offload the writer.	MEDIUM_HIGH	HIGH	MEDIUM_HIGH	Catalog/statistics-wide query; scales with object/session/statistics cardinality.	none	none	PASS	PASS	PASS
16_internals_deep_dive/05_fsm_vm_toast_size_breakdown.sql	EITHER_METADATA	Catalog/metadata diagnostic; a sufficiently current reader can offload the writer.	MEDIUM	MEDIUM_HIGH	MEDIUM	Calls size functions across relation catalogs; cost grows with object/segment count.	none	SIZE_CALL_LOOP	PASS	PASS	PASS
16_internals_deep_dive/06_visibility_and_freeze_profile.sql	WRITER_REQUIRED	Writer-local DML, vacuum, WAL, or maintenance statistics are authoritative.	MEDIUM	MEDIUM_HIGH	MEDIUM	Calls size functions across relation catalogs; cost grows with object/segment count.	none	SIZE_CALL_LOOP	PASS	PASS	PASS
16_internals_deep_dive/07_toast_compression_storage_policy.sql	EITHER_METADATA	Catalog/metadata diagnostic; a sufficiently current reader can offload the writer.	MEDIUM	MEDIUM_HIGH	MEDIUM	Calls size functions across relation catalogs; cost grows with object/segment count.	none	SIZE_CALL_LOOP	PASS	PASS	PASS
16_internals_deep_dive/08_relation_forks_persistence_map.sql	EITHER_METADATA	Catalog/metadata diagnostic; a sufficiently current reader can offload the writer.	MEDIUM	MEDIUM_HIGH	MEDIUM	Calls size functions across relation catalogs; cost grows with object/segment count.	DDL/DML privileges	PERSISTENT_WRITE,SIZE_CALL_LOOP	PASS	PASS	PASS
16_internals_deep_dive/09_slru_control_checkpoint_internals.sql	EITHER_METADATA	Catalog/metadata diagnostic; a sufficiently current reader can offload the writer.	MEDIUM_HIGH	HIGH	MEDIUM_HIGH	Catalog/statistics-wide query; scales with object/session/statistics cardinality.	none	none	PASS	PASS	PASS
16_internals_deep_dive/10_wait_event_internals_live_map.sql	TARGET_INSTANCE	Runtime counters are instance-local; run on the writer or reader whose workload is being diagnosed.	MEDIUM_HIGH	HIGH	MEDIUM_HIGH	Catalog/statistics-wide query; scales with object/session/statistics cardinality.	PostgreSQL 16+	none	PASS	PASS	PASS
16_internals_deep_dive/11_internal_extension_readiness.sql	TARGET_INSTANCE	Runtime counters are instance-local; run on the writer or reader whose workload is being diagnosed.	MEDIUM_HIGH	HIGH	MEDIUM_HIGH	Scans/sorts pg_stat_statements; bounded by tracked statement cardinality, not table TB.	pg_stat_statements,pgstattuple extension,pg_visibility extension	PGSS_SCAN	PASS	PASS	PASS
16_internals_deep_dive/12_backend_memory_contexts_snapshot.sql	TARGET_INSTANCE	Runtime counters are instance-local; run on the writer or reader whose workload is being diagnosed.	HIGH	HIGH	HIGH	Bounded catalog/statistics query; not proportional to user-table bytes.	pg_stat_statements,DDL/DML privileges	PERSISTENT_WRITE,PGSS_SCAN	PASS	PASS	PASS
16_internals_deep_dive/13_postgres_internals_keyword_coverage_matrix.sql	TARGET_INSTANCE	Runtime counters are instance-local; run on the writer or reader whose workload is being diagnosed.	MEDIUM_HIGH	HIGH	MEDIUM_HIGH	Scans/sorts pg_stat_statements; bounded by tracked statement cardinality, not table TB.	pg_stat_statements,PostgreSQL 16+,pgstattuple extension,pg_visibility extension,DDL/DML privileges	PERSISTENT_WRITE,PGSS_SCAN	PASS	PASS	PASS
16_internals_deep_dive/14_vacuum_internal_pressure_dashboard.sql	WRITER_REQUIRED	Writer-local DML, vacuum, WAL, or maintenance statistics are authoritative.	MEDIUM	MEDIUM_HIGH	MEDIUM	Calls size functions across relation catalogs; cost grows with object/segment count.	DDL/DML privileges	PERSISTENT_WRITE,SIZE_CALL_LOOP	PASS	PASS	PASS
16_internals_deep_dive/15_wal_write_path_pressure_dashboard.sql	WRITER_PREFERRED	Uses primary WAL/archive/sender state.	MEDIUM_HIGH	HIGH	MEDIUM_HIGH	Catalog/statistics-wide query; scales with object/session/statistics cardinality.	PostgreSQL 16+	none	PASS	PASS	PASS
16_internals_deep_dive/16_checkpoint_background_writer_pressure_15_plus.sql	WRITER_ONLY	Empirically rejected by PostgreSQL read-only execution after prerequisites were installed.	MEDIUM_HIGH	HIGH	MEDIUM_HIGH	Catalog/statistics-wide query; scales with object/session/statistics cardinality.	PostgreSQL 16+,PostgreSQL 17+ or guarded fallback,TEMP privilege	TEMP_DDL	PASS	FAIL	FAIL
16_internals_deep_dive/17_cloud_portability_capability_matrix.sql	WRITER_PREFERRED	Uses primary WAL/archive/sender state.	MEDIUM_HIGH	HIGH	MEDIUM_HIGH	Scans/sorts pg_stat_statements; bounded by tracked statement cardinality, not table TB.	pg_stat_statements,PostgreSQL 16+,PostgreSQL 17+ or guarded fallback,DDL/DML privileges	PERSISTENT_WRITE,PGSS_SCAN	PASS	PASS	PASS
16_internals_deep_dive/18_query_text_capture_limits.sql	TARGET_INSTANCE	Runtime counters are instance-local; run on the writer or reader whose workload is being diagnosed.	MEDIUM_HIGH	HIGH	MEDIUM_HIGH	Scans/sorts pg_stat_statements; bounded by tracked statement cardinality, not table TB.	pg_stat_statements,DDL/DML privileges	PERSISTENT_WRITE,PGSS_SCAN	PASS	PASS	PASS
17_execution_plans/01_plan_capture_prerequisites.sql	EITHER_METADATA	Catalog/metadata diagnostic; a sufficiently current reader can offload the writer.	MEDIUM_HIGH	HIGH	MEDIUM_HIGH	Catalog/statistics-wide query; scales with object/session/statistics cardinality.	none	none	PASS	PASS	PASS
17_execution_plans/02_explain_analyze_template.sql	EITHER_METADATA	Catalog/metadata diagnostic; a sufficiently current reader can offload the writer.	HIGH	HIGH	HIGH	Bounded catalog/statistics query; not proportional to user-table bytes.	none	EXECUTES_QUERY	PASS	PASS	PASS
17_execution_plans/03_generate_explain_for_top_queries.sql	TARGET_INSTANCE	Runtime counters are instance-local; run on the writer or reader whose workload is being diagnosed.	HIGH	HIGH	HIGH	Bounded catalog/statistics query; not proportional to user-table bytes.	pg_stat_statements	PGSS_SCAN	PASS	PASS	PASS
17_execution_plans/04_plan_red_flag_candidates.sql	TARGET_INSTANCE	Runtime counters are instance-local; run on the writer or reader whose workload is being diagnosed.	HIGH	HIGH	HIGH	Bounded catalog/statistics query; not proportional to user-table bytes.	pg_stat_statements	PGSS_SCAN	PASS	PASS	PASS
18_long_queries_full_scans/01_active_long_queries.sql	TARGET_INSTANCE	Runtime counters are instance-local; run on the writer or reader whose workload is being diagnosed.	MEDIUM_HIGH	HIGH	MEDIUM_HIGH	Catalog/statistics-wide query; scales with object/session/statistics cardinality.	none	none	PASS	PASS	PASS
18_long_queries_full_scans/02_long_queries_from_statements.sql	TARGET_INSTANCE	Runtime counters are instance-local; run on the writer or reader whose workload is being diagnosed.	HIGH	HIGH	HIGH	Bounded catalog/statistics query; not proportional to user-table bytes.	pg_stat_statements	PGSS_SCAN	PASS	PASS	PASS
18_long_queries_full_scans/03_short_vs_long_query_distribution.sql	TARGET_INSTANCE	Runtime counters are instance-local; run on the writer or reader whose workload is being diagnosed.	MEDIUM_HIGH	HIGH	MEDIUM_HIGH	Scans/sorts pg_stat_statements; bounded by tracked statement cardinality, not table TB.	pg_stat_statements	PGSS_SCAN	PASS	PASS	PASS
18_long_queries_full_scans/04_full_scan_hotspot_tables.sql	TARGET_INSTANCE	Runtime counters are instance-local; run on the writer or reader whose workload is being diagnosed.	MEDIUM_HIGH	HIGH	MEDIUM_HIGH	Catalog/statistics-wide query; scales with object/session/statistics cardinality.	none	SIZE_CALL	PASS	PASS	PASS
19_dml_optimization/01_write_heavy_tables.sql	WRITER_REQUIRED	Writer-local DML, vacuum, WAL, or maintenance statistics are authoritative.	HIGH	HIGH	HIGH	Bounded catalog/statistics query; not proportional to user-table bytes.	none	SIZE_CALL	PASS	PASS	PASS
19_dml_optimization/02_hot_update_efficiency.sql	TARGET_INSTANCE	Runtime counters are instance-local; run on the writer or reader whose workload is being diagnosed.	MEDIUM_HIGH	HIGH	MEDIUM_HIGH	Catalog/statistics-wide query; scales with object/session/statistics cardinality.	none	SIZE_CALL	PASS	PASS	PASS
19_dml_optimization/03_missing_fk_supporting_indexes.sql	EITHER_METADATA	Catalog/metadata diagnostic; a sufficiently current reader can offload the writer.	MEDIUM_HIGH	HIGH	MEDIUM_HIGH	Catalog/statistics-wide query; scales with object/session/statistics cardinality.	none	none	PASS	PASS	PASS
19_dml_optimization/04_dml_bloat_pressure.sql	WRITER_REQUIRED	Writer-local DML, vacuum, WAL, or maintenance statistics are authoritative.	MEDIUM_HIGH	HIGH	MEDIUM_HIGH	Catalog/statistics-wide query; scales with object/session/statistics cardinality.	none	SIZE_CALL	PASS	PASS	PASS
20_design_matters/01_tables_without_primary_keys.sql	EITHER_METADATA	Catalog/metadata diagnostic; a sufficiently current reader can offload the writer.	MEDIUM	MEDIUM_HIGH	MEDIUM	Calls size functions across relation catalogs; cost grows with object/segment count.	none	SIZE_CALL_LOOP	PASS	PASS	PASS
20_design_matters/02_wide_tables_profile.sql	TARGET_INSTANCE	Runtime counters are instance-local; run on the writer or reader whose workload is being diagnosed.	MEDIUM	MEDIUM_HIGH	MEDIUM	Calls size functions across relation catalogs; cost grows with object/segment count.	none	SIZE_CALL_LOOP	PASS	PASS	PASS
20_design_matters/03_overindexed_tables.sql	TARGET_INSTANCE	Runtime counters are instance-local; run on the writer or reader whose workload is being diagnosed.	MEDIUM_HIGH	HIGH	MEDIUM_HIGH	Catalog/statistics-wide query; scales with object/session/statistics cardinality.	none	SIZE_CALL	PASS	PASS	PASS
20_design_matters/04_high_nullability_columns.sql	EITHER_METADATA	Catalog/metadata diagnostic; a sufficiently current reader can offload the writer.	MEDIUM_HIGH	HIGH	MEDIUM_HIGH	Catalog/statistics-wide query; scales with object/session/statistics cardinality.	none	none	PASS	PASS	PASS
21_configuration_parameters/01_core_performance_settings.sql	EITHER_METADATA	Catalog/metadata diagnostic; a sufficiently current reader can offload the writer.	MEDIUM_HIGH	HIGH	MEDIUM_HIGH	Catalog/statistics-wide query; scales with object/session/statistics cardinality.	none	none	PASS	PASS	PASS
21_configuration_parameters/02_wal_checkpoint_settings.sql	EITHER_METADATA	Catalog/metadata diagnostic; a sufficiently current reader can offload the writer.	MEDIUM_HIGH	HIGH	MEDIUM_HIGH	Catalog/statistics-wide query; scales with object/session/statistics cardinality.	none	none	PASS	PASS	PASS
21_configuration_parameters/03_autovacuum_settings.sql	EITHER_METADATA	Catalog/metadata diagnostic; a sufficiently current reader can offload the writer.	MEDIUM_HIGH	HIGH	MEDIUM_HIGH	Catalog/statistics-wide query; scales with object/session/statistics cardinality.	none	none	PASS	PASS	PASS
21_configuration_parameters/04_connection_timeout_settings.sql	EITHER_METADATA	Catalog/metadata diagnostic; a sufficiently current reader can offload the writer.	MEDIUM_HIGH	HIGH	MEDIUM_HIGH	Catalog/statistics-wide query; scales with object/session/statistics cardinality.	none	none	PASS	PASS	PASS
21_configuration_parameters/05_parameter_deviation_necessity_report.sql	WRITER_PREFERRED	Uses primary WAL/archive/sender state.	MEDIUM_HIGH	HIGH	MEDIUM_HIGH	Scans/sorts pg_stat_statements; bounded by tracked statement cardinality, not table TB.	pg_stat_statements,PostgreSQL 16+,PostgreSQL 17+ or guarded fallback	PGSS_SCAN,SESSION_SETTING	PASS	PASS	PASS
22_application_orm_performance/01_n_plus_one_query_candidates.sql	TARGET_INSTANCE	Runtime counters are instance-local; run on the writer or reader whose workload is being diagnosed.	HIGH	HIGH	HIGH	Bounded catalog/statistics query; not proportional to user-table bytes.	pg_stat_statements	PGSS_SCAN	PASS	PASS	PASS
22_application_orm_performance/02_select_star_candidates.sql	TARGET_INSTANCE	Runtime counters are instance-local; run on the writer or reader whose workload is being diagnosed.	MEDIUM_HIGH	HIGH	MEDIUM_HIGH	Scans/sorts pg_stat_statements; bounded by tracked statement cardinality, not table TB.	pg_stat_statements	PGSS_SCAN	PASS	PASS	PASS
22_application_orm_performance/03_chatty_small_result_queries.sql	TARGET_INSTANCE	Runtime counters are instance-local; run on the writer or reader whose workload is being diagnosed.	HIGH	HIGH	HIGH	Bounded catalog/statistics query; not proportional to user-table bytes.	pg_stat_statements	PGSS_SCAN	PASS	PASS	PASS
22_application_orm_performance/04_app_idle_in_transaction_risk.sql	TARGET_INSTANCE	Runtime counters are instance-local; run on the writer or reader whose workload is being diagnosed.	MEDIUM_HIGH	HIGH	MEDIUM_HIGH	Catalog/statistics-wide query; scales with object/session/statistics cardinality.	none	none	PASS	PASS	PASS
23_functions_dynamic_sql/01_function_execution_hotspots.sql	EITHER_METADATA	Catalog/metadata diagnostic; a sufficiently current reader can offload the writer.	HIGH	HIGH	HIGH	Bounded catalog/statistics query; not proportional to user-table bytes.	none	none	PASS	PASS	PASS
23_functions_dynamic_sql/02_dynamic_sql_function_inventory.sql	EITHER_METADATA	Catalog/metadata diagnostic; a sufficiently current reader can offload the writer.	MEDIUM_HIGH	HIGH	MEDIUM_HIGH	Catalog/statistics-wide query; scales with object/session/statistics cardinality.	none	none	PASS	PASS	PASS
23_functions_dynamic_sql/03_volatile_and_security_definer_functions.sql	EITHER_METADATA	Catalog/metadata diagnostic; a sufficiently current reader can offload the writer.	MEDIUM_HIGH	HIGH	MEDIUM_HIGH	Catalog/statistics-wide query; scales with object/session/statistics cardinality.	none	none	PASS	PASS	PASS
23_functions_dynamic_sql/04_trigger_function_inventory.sql	EITHER_METADATA	Catalog/metadata diagnostic; a sufficiently current reader can offload the writer.	MEDIUM_HIGH	HIGH	MEDIUM_HIGH	Catalog/statistics-wide query; scales with object/session/statistics cardinality.	none	none	PASS	PASS	PASS
24_complex_filter_search/01_like_ilike_query_candidates.sql	TARGET_INSTANCE	Runtime counters are instance-local; run on the writer or reader whose workload is being diagnosed.	HIGH	HIGH	HIGH	Bounded catalog/statistics query; not proportional to user-table bytes.	pg_stat_statements	PGSS_SCAN	PASS	PASS	PASS
24_complex_filter_search/02_jsonb_array_column_inventory.sql	EITHER_METADATA	Catalog/metadata diagnostic; a sufficiently current reader can offload the writer.	MEDIUM_HIGH	HIGH	MEDIUM_HIGH	Catalog/statistics-wide query; scales with object/session/statistics cardinality.	none	none	PASS	PASS	PASS
24_complex_filter_search/03_gin_gist_brin_index_inventory.sql	EITHER_METADATA	Catalog/metadata diagnostic; a sufficiently current reader can offload the writer.	MEDIUM_HIGH	HIGH	MEDIUM_HIGH	Catalog/statistics-wide query; scales with object/session/statistics cardinality.	none	SIZE_CALL	PASS	PASS	PASS
24_complex_filter_search/04_full_text_search_inventory.sql	EITHER_METADATA	Catalog/metadata diagnostic; a sufficiently current reader can offload the writer.	MEDIUM_HIGH	HIGH	MEDIUM_HIGH	Catalog/statistics-wide query; scales with object/session/statistics cardinality.	none	none	PASS	PASS	PASS
25_oltp_olap_goals/01_workload_signature_oltp_vs_olap.sql	TARGET_INSTANCE	Runtime counters are instance-local; run on the writer or reader whose workload is being diagnosed.	HIGH	HIGH	HIGH	Bounded catalog/statistics query; not proportional to user-table bytes.	pg_stat_statements	PGSS_SCAN	PASS	PASS	PASS
25_oltp_olap_goals/02_oltp_latency_goal_candidates.sql	TARGET_INSTANCE	Runtime counters are instance-local; run on the writer or reader whose workload is being diagnosed.	HIGH	HIGH	HIGH	Bounded catalog/statistics query; not proportional to user-table bytes.	pg_stat_statements	PGSS_SCAN	PASS	PASS	PASS
25_oltp_olap_goals/03_olap_throughput_candidates.sql	TARGET_INSTANCE	Runtime counters are instance-local; run on the writer or reader whose workload is being diagnosed.	HIGH	HIGH	HIGH	Bounded catalog/statistics query; not proportional to user-table bytes.	pg_stat_statements	PGSS_SCAN	PASS	PASS	PASS
25_oltp_olap_goals/04_mixed_workload_pressure.sql	TARGET_INSTANCE	Runtime counters are instance-local; run on the writer or reader whose workload is being diagnosed.	MEDIUM_HIGH	HIGH	MEDIUM_HIGH	Catalog/statistics-wide query; scales with object/session/statistics cardinality.	none	none	PASS	PASS	PASS
26_physical_cloud_diagnostics/01_instance_platform_fingerprint.sql	EITHER_METADATA	Catalog/metadata diagnostic; a sufficiently current reader can offload the writer.	HIGH	HIGH	HIGH	Bounded catalog/statistics query; not proportional to user-table bytes.	none	none	PASS	PASS	PASS
26_physical_cloud_diagnostics/02_io_latency_profile.sql	TARGET_INSTANCE	Runtime counters are instance-local; run on the writer or reader whose workload is being diagnosed.	MEDIUM_HIGH	HIGH	MEDIUM_HIGH	Catalog/statistics-wide query; scales with object/session/statistics cardinality.	none	none	PASS	PASS	PASS
26_physical_cloud_diagnostics/03_checkpoint_fsync_pressure.sql	WRITER_ONLY	Empirically rejected by PostgreSQL read-only execution after prerequisites were installed.	HIGH	HIGH	HIGH	Bounded catalog/statistics query; not proportional to user-table bytes.	PostgreSQL 17+ or guarded fallback,DDL/DML privileges	PERSISTENT_WRITE,TEMP_DDL	PASS	FAIL	FAIL
26_physical_cloud_diagnostics/04_replication_slot_wal_retention_risk.sql	WRITER_PREFERRED	Uses primary WAL/archive/sender state.	MEDIUM_HIGH	HIGH	MEDIUM_HIGH	Catalog/statistics-wide query; scales with object/session/statistics cardinality.	none	none	PASS	PASS	PASS
27_high_speed_tuning/01_bottleneck_overview_dashboard.sql	WRITER_ONLY	Empirically rejected by PostgreSQL read-only execution after prerequisites were installed.	HIGH	HIGH	HIGH	Bounded catalog/statistics query; not proportional to user-table bytes.	PostgreSQL 17+ or guarded fallback,DDL/DML privileges	PERSISTENT_WRITE,TEMP_DDL	PASS	FAIL	FAIL
27_high_speed_tuning/02_waits_and_blocking_details.sql	TARGET_INSTANCE	Runtime counters are instance-local; run on the writer or reader whose workload is being diagnosed.	MEDIUM_HIGH	HIGH	MEDIUM_HIGH	Catalog/statistics-wide query; scales with object/session/statistics cardinality.	none	none	PASS	PASS	PASS
27_high_speed_tuning/03_missing_index_candidates_from_scan_pressure.sql	TARGET_INSTANCE	Runtime counters are instance-local; run on the writer or reader whose workload is being diagnosed.	MEDIUM_HIGH	HIGH	MEDIUM_HIGH	Catalog/statistics-wide query; scales with object/session/statistics cardinality.	DDL/DML privileges	PERSISTENT_WRITE,SIZE_CALL	PASS	PASS	PASS
27_high_speed_tuning/04_missing_fk_index_candidates.sql	EITHER_METADATA	Catalog/metadata diagnostic; a sufficiently current reader can offload the writer.	MEDIUM_HIGH	HIGH	MEDIUM_HIGH	Catalog/statistics-wide query; scales with object/session/statistics cardinality.	DDL/DML privileges	PERSISTENT_WRITE	PASS	PASS	PASS
27_high_speed_tuning/05_parameter_tuning_advisor.sql	EITHER_METADATA	Catalog/metadata diagnostic; a sufficiently current reader can offload the writer.	MEDIUM_HIGH	HIGH	MEDIUM_HIGH	Catalog/statistics-wide query; scales with object/session/statistics cardinality.	none	SESSION_SETTING	PASS	PASS	PASS
27_high_speed_tuning/06_query_tuning_action_queue.sql	TARGET_INSTANCE	Runtime counters are instance-local; run on the writer or reader whose workload is being diagnosed.	HIGH	HIGH	HIGH	Bounded catalog/statistics query; not proportional to user-table bytes.	pg_stat_statements	PGSS_SCAN,EXECUTES_QUERY	PASS	PASS	PASS
28_pgss_resource_attribution/01_pgss_query_resource_percent.sql	TARGET_INSTANCE	Runtime counters are instance-local; run on the writer or reader whose workload is being diagnosed.	HIGH	HIGH	HIGH	Bounded catalog/statistics query; not proportional to user-table bytes.	pg_stat_statements	PGSS_SCAN	PASS	PASS	PASS
28_pgss_resource_attribution/02_pgss_resource_percent_by_database.sql	TARGET_INSTANCE	Runtime counters are instance-local; run on the writer or reader whose workload is being diagnosed.	MEDIUM_HIGH	HIGH	MEDIUM_HIGH	Scans/sorts pg_stat_statements; bounded by tracked statement cardinality, not table TB.	pg_stat_statements	PGSS_SCAN	PASS	PASS	PASS
28_pgss_resource_attribution/03_pgss_resource_percent_by_user.sql	TARGET_INSTANCE	Runtime counters are instance-local; run on the writer or reader whose workload is being diagnosed.	MEDIUM_HIGH	HIGH	MEDIUM_HIGH	Scans/sorts pg_stat_statements; bounded by tracked statement cardinality, not table TB.	pg_stat_statements	PGSS_SCAN	PASS	PASS	PASS
28_pgss_resource_attribution/04_pgss_query_infra_tier_classification.sql	TARGET_INSTANCE	Runtime counters are instance-local; run on the writer or reader whose workload is being diagnosed.	HIGH	HIGH	HIGH	Bounded catalog/statistics query; not proportional to user-table bytes.	pg_stat_statements	PGSS_SCAN	PASS	PASS	PASS
29_object_inventory_health/01_object_type_inventory.sql	TARGET_INSTANCE	Runtime counters are instance-local; run on the writer or reader whose workload is being diagnosed.	MEDIUM_HIGH	HIGH	MEDIUM_HIGH	Catalog/statistics-wide query; scales with object/session/statistics cardinality.	none	none	PASS	PASS	PASS
29_object_inventory_health/02_table_pk_fk_health.sql	EITHER_METADATA	Catalog/metadata diagnostic; a sufficiently current reader can offload the writer.	MEDIUM	MEDIUM_HIGH	MEDIUM	Calls size functions across relation catalogs; cost grows with object/segment count.	none	SIZE_CALL_LOOP	PASS	PASS	PASS
29_object_inventory_health/03_tables_missing_primary_key.sql	EITHER_METADATA	Catalog/metadata diagnostic; a sufficiently current reader can offload the writer.	MEDIUM	MEDIUM_HIGH	MEDIUM	Calls size functions across relation catalogs; cost grows with object/segment count.	DDL/DML privileges	PERSISTENT_WRITE,SIZE_CALL_LOOP	PASS	PASS	PASS
29_object_inventory_health/04_missing_fk_supporting_indexes.sql	EITHER_METADATA	Catalog/metadata diagnostic; a sufficiently current reader can offload the writer.	MEDIUM_HIGH	HIGH	MEDIUM_HIGH	Catalog/statistics-wide query; scales with object/session/statistics cardinality.	DDL/DML privileges	PERSISTENT_WRITE	PASS	PASS	PASS
29_object_inventory_health/05_missing_join_column_indexes.sql	TARGET_INSTANCE	Runtime counters are instance-local; run on the writer or reader whose workload is being diagnosed.	MEDIUM_HIGH	HIGH	MEDIUM_HIGH	Catalog/statistics-wide query; scales with object/session/statistics cardinality.	DDL/DML privileges	PERSISTENT_WRITE	PASS	PASS	PASS
29_object_inventory_health/06_identifier_casing_risks.sql	EITHER_METADATA	Catalog/metadata diagnostic; a sufficiently current reader can offload the writer.	MEDIUM_HIGH	HIGH	MEDIUM_HIGH	Catalog/statistics-wide query; scales with object/session/statistics cardinality.	none	none	PASS	PASS	PASS
29_object_inventory_health/07_sequence_ownership_health.sql	EITHER_METADATA	Catalog/metadata diagnostic; a sufficiently current reader can offload the writer.	MEDIUM_HIGH	HIGH	MEDIUM_HIGH	Catalog/statistics-wide query; scales with object/session/statistics cardinality.	none	none	PASS	PASS	PASS
29_object_inventory_health/08_trigger_inventory.sql	EITHER_METADATA	Catalog/metadata diagnostic; a sufficiently current reader can offload the writer.	MEDIUM_HIGH	HIGH	MEDIUM_HIGH	Catalog/statistics-wide query; scales with object/session/statistics cardinality.	none	none	PASS	PASS	PASS
29_object_inventory_health/09_grant_exposure_audit.sql	EITHER_METADATA	Catalog/metadata diagnostic; a sufficiently current reader can offload the writer.	MEDIUM_HIGH	HIGH	MEDIUM_HIGH	Catalog/statistics-wide query; scales with object/session/statistics cardinality.	none	none	PASS	PASS	PASS
29_object_inventory_health/10_function_procedure_inventory.sql	EITHER_METADATA	Catalog/metadata diagnostic; a sufficiently current reader can offload the writer.	MEDIUM_HIGH	HIGH	MEDIUM_HIGH	Catalog/statistics-wide query; scales with object/session/statistics cardinality.	none	none	PASS	PASS	PASS
29_object_inventory_health/11_partition_health.sql	EITHER_METADATA	Catalog/metadata diagnostic; a sufficiently current reader can offload the writer.	MEDIUM	MEDIUM_HIGH	MEDIUM	Calls size functions across relation catalogs; cost grows with object/segment count.	none	SIZE_CALL_LOOP	PASS	PASS	PASS
29_object_inventory_health/12_user_defined_type_inventory.sql	EITHER_METADATA	Catalog/metadata diagnostic; a sufficiently current reader can offload the writer.	MEDIUM_HIGH	HIGH	MEDIUM_HIGH	Catalog/statistics-wide query; scales with object/session/statistics cardinality.	none	none	PASS	PASS	PASS
29_object_inventory_health/13_insert_copy_activity.sql	TARGET_INSTANCE	Runtime counters are instance-local; run on the writer or reader whose workload is being diagnosed.	MEDIUM_HIGH	HIGH	MEDIUM_HIGH	Catalog/statistics-wide query; scales with object/session/statistics cardinality.	none	none	PASS	PASS	PASS
29_object_inventory_health/14_fdw_inventory.sql	EITHER_METADATA	Catalog/metadata diagnostic; a sufficiently current reader can offload the writer.	MEDIUM_HIGH	HIGH	MEDIUM_HIGH	Catalog/statistics-wide query; scales with object/session/statistics cardinality.	none	none	PASS	PASS	PASS
29_object_inventory_health/15_oracle_package_synonym_mapping.sql	EITHER_METADATA	Catalog/metadata diagnostic; a sufficiently current reader can offload the writer.	MEDIUM_HIGH	HIGH	MEDIUM_HIGH	Catalog/statistics-wide query; scales with object/session/statistics cardinality.	none	none	PASS	PASS	PASS
29_object_inventory_health/16_kettle_etl_activity_signals.sql	TARGET_INSTANCE	Runtime counters are instance-local; run on the writer or reader whose workload is being diagnosed.	MEDIUM_HIGH	HIGH	MEDIUM_HIGH	Catalog/statistics-wide query; scales with object/session/statistics cardinality.	none	none	PASS	PASS	PASS
29_object_inventory_health/17_object_bloat_hotspots.sql	WRITER_REQUIRED	Writer-local DML, vacuum, WAL, or maintenance statistics are authoritative.	MEDIUM_HIGH	HIGH	MEDIUM_HIGH	Catalog/statistics-wide query; scales with object/session/statistics cardinality.	none	SIZE_CALL	PASS	PASS	PASS
29_object_inventory_health/18_object_query_hotspots_pgss.sql	WRITER_ONLY	Empirically rejected by PostgreSQL read-only execution after prerequisites were installed.	HIGH	HIGH	HIGH	Bounded catalog/statistics query; not proportional to user-table bytes.	pg_stat_statements,DDL/DML privileges	PERSISTENT_WRITE,TEMP_DDL,PGSS_SCAN	PASS	FAIL	FAIL
30_backup_restore_pitr_dr/01_backup_pitr_configuration_health.sql	EITHER_METADATA	Catalog/metadata diagnostic; a sufficiently current reader can offload the writer.	MEDIUM_HIGH	HIGH	MEDIUM_HIGH	Catalog/statistics-wide query; scales with object/session/statistics cardinality.	none	SESSION_SETTING	PASS	PASS	PASS
30_backup_restore_pitr_dr/02_wal_archiving_gap_and_lag.sql	WRITER_PREFERRED	Uses primary WAL/archive/sender state.	HIGH	HIGH	HIGH	Bounded catalog/statistics query; not proportional to user-table bytes.	none	none	PASS	PASS	PASS
30_backup_restore_pitr_dr/03_restore_to_timestamp_quick_test.sql	WRITER_PREFERRED	Uses primary WAL/archive/sender state.	HIGH	HIGH	HIGH	Bounded catalog/statistics query; not proportional to user-table bytes.	none	none	PASS	PASS	PASS
30_backup_restore_pitr_dr/04_dr_rto_rpo_replication_evidence.sql	RUN_ON_BOTH	Contains both primary and standby evidence; compare writer and reader output.	MEDIUM_HIGH	HIGH	MEDIUM_HIGH	Catalog/statistics-wide query; scales with object/session/statistics cardinality.	none	none	PASS	PASS	PASS
30_backup_restore_pitr_dr/05_backup_restore_evidence_contract.sql	WRITER_ONLY	Empirically rejected by PostgreSQL read-only execution after prerequisites were installed.	HIGH	HIGH	HIGH	Bounded catalog/statistics query; not proportional to user-table bytes.	DDL/DML privileges	PERSISTENT_WRITE,TEMP_DDL	PASS	FAIL	FAIL
31_logging_error_signatures/01_logging_configuration_sanity.sql	EITHER_METADATA	Catalog/metadata diagnostic; a sufficiently current reader can offload the writer.	MEDIUM_HIGH	HIGH	MEDIUM_HIGH	Catalog/statistics-wide query; scales with object/session/statistics cardinality.	none	SESSION_SETTING	PASS	PASS	PASS
31_logging_error_signatures/02_error_signature_indicators.sql	TARGET_INSTANCE	Runtime counters are instance-local; run on the writer or reader whose workload is being diagnosed.	MEDIUM_HIGH	HIGH	MEDIUM_HIGH	Catalog/statistics-wide query; scales with object/session/statistics cardinality.	none	none	PASS	PASS	PASS
31_logging_error_signatures/03_slow_query_log_vs_pgss_correlation.sql	WRITER_ONLY	Empirically rejected by PostgreSQL read-only execution after prerequisites were installed.	HIGH	HIGH	HIGH	Bounded catalog/statistics query; not proportional to user-table bytes.	pg_stat_statements,DDL/DML privileges	PERSISTENT_WRITE,TEMP_DDL,PGSS_SCAN	PASS	FAIL	FAIL
31_logging_error_signatures/04_lock_wait_deadlock_signatures.sql	TARGET_INSTANCE	Runtime counters are instance-local; run on the writer or reader whose workload is being diagnosed.	MEDIUM_HIGH	HIGH	MEDIUM_HIGH	Catalog/statistics-wide query; scales with object/session/statistics cardinality.	none	none	PASS	PASS	PASS
32_upgrade_patch_readiness/01_version_upgrade_path_overview.sql	EITHER_METADATA	Catalog/metadata diagnostic; a sufficiently current reader can offload the writer.	MEDIUM_HIGH	HIGH	MEDIUM_HIGH	Catalog/statistics-wide query; scales with object/session/statistics cardinality.	none	none	PASS	PASS	PASS
32_upgrade_patch_readiness/02_extension_version_drift_dependencies.sql	EITHER_METADATA	Catalog/metadata diagnostic; a sufficiently current reader can offload the writer.	MEDIUM_HIGH	HIGH	MEDIUM_HIGH	Catalog/statistics-wide query; scales with object/session/statistics cardinality.	none	none	PASS	PASS	PASS
32_upgrade_patch_readiness/03_preupgrade_invalid_objects_gate.sql	EITHER_METADATA	Catalog/metadata diagnostic; a sufficiently current reader can offload the writer.	MEDIUM_HIGH	HIGH	MEDIUM_HIGH	Catalog/statistics-wide query; scales with object/session/statistics cardinality.	none	none	PASS	PASS	PASS
32_upgrade_patch_readiness/04_collation_version_mismatch_risk.sql	EITHER_METADATA	Catalog/metadata diagnostic; a sufficiently current reader can offload the writer.	MEDIUM_HIGH	HIGH	MEDIUM_HIGH	Catalog/statistics-wide query; scales with object/session/statistics cardinality.	DDL/DML privileges	PERSISTENT_WRITE	PASS	PASS	PASS
32_upgrade_patch_readiness/05_postupgrade_query_regression_watchlist_pgss.sql	WRITER_ONLY	Empirically rejected by PostgreSQL read-only execution after prerequisites were installed.	HIGH	HIGH	HIGH	Bounded catalog/statistics query; not proportional to user-table bytes.	pg_stat_statements,DDL/DML privileges	PERSISTENT_WRITE,TEMP_DDL,PGSS_SCAN	PASS	FAIL	FAIL
32_upgrade_patch_readiness/06_config_file_unknown_or_deprecated_gucs.sql	EITHER_METADATA	Catalog/metadata diagnostic; a sufficiently current reader can offload the writer.	MEDIUM_HIGH	HIGH	MEDIUM_HIGH	Catalog/statistics-wide query; scales with object/session/statistics cardinality.	none	none	PASS	PASS	FAIL
33_bgwriter_memory_pressure/01_bgwriter_checkpointer_pressure.sql	WRITER_ONLY	Empirically rejected by PostgreSQL read-only execution after prerequisites were installed.	HIGH	HIGH	HIGH	Bounded catalog/statistics query; not proportional to user-table bytes.	PostgreSQL 17+ or guarded fallback,DDL/DML privileges	PERSISTENT_WRITE,TEMP_DDL	PASS	FAIL	FAIL
33_bgwriter_memory_pressure/02_wal_writer_archiver_pressure.sql	WRITER_ONLY	Empirically rejected by PostgreSQL read-only execution after prerequisites were installed.	HIGH	HIGH	HIGH	Bounded catalog/statistics query; not proportional to user-table bytes.	DDL/DML privileges	PERSISTENT_WRITE,TEMP_DDL	PASS	FAIL	FAIL
33_bgwriter_memory_pressure/03_autovacuum_worker_pressure.sql	WRITER_REQUIRED	Writer-local DML, vacuum, WAL, or maintenance statistics are authoritative.	HIGH	HIGH	HIGH	Bounded catalog/statistics query; not proportional to user-table bytes.	none	none	PASS	PASS	PASS
33_bgwriter_memory_pressure/04_parallel_worker_pressure.sql	TARGET_INSTANCE	Runtime counters are instance-local; run on the writer or reader whose workload is being diagnosed.	MEDIUM_HIGH	HIGH	MEDIUM_HIGH	Catalog/statistics-wide query; scales with object/session/statistics cardinality.	none	none	PASS	PASS	PASS
33_bgwriter_memory_pressure/05_temp_spill_work_mem_pressure.sql	WRITER_ONLY	Empirically rejected by PostgreSQL read-only execution after prerequisites were installed.	HIGH	HIGH	HIGH	Bounded catalog/statistics query; not proportional to user-table bytes.	pg_stat_statements,DDL/DML privileges	PERSISTENT_WRITE,TEMP_DDL,PGSS_SCAN	PASS	FAIL	FAIL
34_consistency_integrity_checks/01_invalid_indexes_and_constraints.sql	EITHER_METADATA	Catalog/metadata diagnostic; a sufficiently current reader can offload the writer.	MEDIUM_HIGH	HIGH	MEDIUM_HIGH	Catalog/statistics-wide query; scales with object/session/statistics cardinality.	none	SIZE_CALL	PASS	PASS	PASS
34_consistency_integrity_checks/02_checksum_status_and_failures.sql	WRITER_ONLY	Empirically rejected by PostgreSQL read-only execution after prerequisites were installed.	MEDIUM_HIGH	HIGH	MEDIUM_HIGH	Catalog/statistics-wide query; scales with object/session/statistics cardinality.	DDL/DML privileges	PERSISTENT_WRITE,TEMP_DDL	PASS	FAIL	FAIL
34_consistency_integrity_checks/03_toast_catalog_consistency_signals.sql	EITHER_METADATA	Catalog/metadata diagnostic; a sufficiently current reader can offload the writer.	MEDIUM_HIGH	HIGH	MEDIUM_HIGH	Catalog/statistics-wide query; scales with object/session/statistics cardinality.	none	none	PASS	PASS	PASS
34_consistency_integrity_checks/04_amcheck_readiness_and_candidate_commands.sql	EITHER_METADATA	Catalog/metadata diagnostic; a sufficiently current reader can offload the writer.	MEDIUM	MEDIUM_HIGH	MEDIUM	Calls size functions across relation catalogs; cost grows with object/segment count.	amcheck extension	SIZE_CALL_LOOP	PASS	PASS	PASS
34_consistency_integrity_checks/05_xid_visibility_integrity_risk.sql	WRITER_REQUIRED	Writer-local DML, vacuum, WAL, or maintenance statistics are authoritative.	MEDIUM_HIGH	HIGH	MEDIUM_HIGH	Catalog/statistics-wide query; scales with object/session/statistics cardinality.	none	none	PASS	PASS	PASS
35_pooler_proxy_diagnostics/01_connection_saturation_queue_risk.sql	TARGET_INSTANCE	Runtime counters are instance-local; run on the writer or reader whose workload is being diagnosed.	HIGH	HIGH	HIGH	Bounded catalog/statistics query; not proportional to user-table bytes.	none	none	PASS	PASS	PASS
35_pooler_proxy_diagnostics/02_connection_distribution_by_app_user.sql	TARGET_INSTANCE	Runtime counters are instance-local; run on the writer or reader whose workload is being diagnosed.	HIGH	HIGH	HIGH	Bounded catalog/statistics query; not proportional to user-table bytes.	none	none	PASS	PASS	PASS
35_pooler_proxy_diagnostics/03_prepared_statement_pooling_risk.sql	EITHER_METADATA	Catalog/metadata diagnostic; a sufficiently current reader can offload the writer.	HIGH	HIGH	HIGH	Bounded catalog/statistics query; not proportional to user-table bytes.	none	SESSION_SETTING	PASS	PASS	PASS
35_pooler_proxy_diagnostics/04_tx_pooling_incompatible_patterns_pgss.sql	WRITER_ONLY	Empirically rejected by PostgreSQL read-only execution after prerequisites were installed.	HIGH	HIGH	HIGH	Bounded catalog/statistics query; not proportional to user-table bytes.	pg_stat_statements,DDL/DML privileges	PERSISTENT_WRITE,TEMP_DDL,PGSS_SCAN	PASS	FAIL	FAIL
35_pooler_proxy_diagnostics/05_pooler_proxy_inventory_signals.sql	TARGET_INSTANCE	Runtime counters are instance-local; run on the writer or reader whose workload is being diagnosed.	MEDIUM_HIGH	HIGH	MEDIUM_HIGH	Catalog/statistics-wide query; scales with object/session/statistics cardinality.	none	none	PASS	PASS	PASS
36_cloud_provider_signals/01_managed_service_fingerprint.sql	EITHER_METADATA	Catalog/metadata diagnostic; a sufficiently current reader can offload the writer.	MEDIUM_HIGH	HIGH	MEDIUM_HIGH	Catalog/statistics-wide query; scales with object/session/statistics cardinality.	none	none	PASS	PASS	PASS
36_cloud_provider_signals/02_parameter_pending_restart_drift.sql	EITHER_METADATA	Catalog/metadata diagnostic; a sufficiently current reader can offload the writer.	HIGH	HIGH	HIGH	Bounded catalog/statistics query; not proportional to user-table bytes.	none	none	PASS	PASS	PASS
36_cloud_provider_signals/03_replica_lag_failover_signals.sql	RUN_ON_BOTH	Contains both primary and standby evidence; compare writer and reader output.	MEDIUM_HIGH	HIGH	MEDIUM_HIGH	Catalog/statistics-wide query; scales with object/session/statistics cardinality.	none	none	PASS	PASS	PASS
36_cloud_provider_signals/04_storage_iops_temp_wal_pressure.sql	WRITER_ONLY	Empirically rejected by PostgreSQL read-only execution after prerequisites were installed.	HIGH	HIGH	HIGH	Bounded catalog/statistics query; not proportional to user-table bytes.	DDL/DML privileges	PERSISTENT_WRITE,TEMP_DDL	PASS	FAIL	FAIL
36_cloud_provider_signals/05_cloud_incident_window_checklist.sql	EITHER_METADATA	Catalog/metadata diagnostic; a sufficiently current reader can offload the writer.	MEDIUM_HIGH	HIGH	MEDIUM_HIGH	Catalog/statistics-wide query; scales with object/session/statistics cardinality.	none	none	PASS	PASS	PASS
37_object_lifecycle_capacity/01_create_lifecycle_repository.sql	WRITER_ONLY	Empirically rejected by PostgreSQL read-only execution after prerequisites were installed.	MEDIUM_HIGH	HIGH	MEDIUM_HIGH	Catalog/statistics-wide query; scales with object/session/statistics cardinality.	DDL/DML privileges	PERSISTENT_WRITE,TEMP_DDL,SESSION_SETTING	PASS	FAIL	FAIL
37_object_lifecycle_capacity/02_create_ddl_event_triggers.sql	WRITER_ONLY	Empirically rejected by PostgreSQL read-only execution after prerequisites were installed.	HIGH	HIGH	HIGH	Bounded catalog/statistics query; not proportional to user-table bytes.	DDL/DML privileges	PERSISTENT_WRITE,TEMP_DDL	PASS	FAIL	FAIL
37_object_lifecycle_capacity/03_create_snapshot_procedures.sql	WRITER_ONLY	Empirically rejected by PostgreSQL read-only execution after prerequisites were installed.	MEDIUM	MEDIUM_HIGH	MEDIUM	Calls size functions across relation catalogs; cost grows with object/segment count.	DDL/DML privileges	PERSISTENT_WRITE,SIZE_CALL_LOOP,SESSION_SETTING	PASS	FAIL	FAIL
37_object_lifecycle_capacity/04_capture_snapshot_now.sql	WRITER_ONLY	Empirically rejected by PostgreSQL read-only execution after prerequisites were installed.	HIGH	HIGH	HIGH	Bounded catalog/statistics query; not proportional to user-table bytes.	DDL/DML privileges	PERSISTENT_WRITE,SESSION_SETTING	PASS	FAIL	FAIL
37_object_lifecycle_capacity/05_create_index_lifecycle_views.sql	WRITER_ONLY	Empirically rejected by PostgreSQL read-only execution after prerequisites were installed.	HIGH	HIGH	HIGH	Bounded catalog/statistics query; not proportional to user-table bytes.	DDL/DML privileges	PERSISTENT_WRITE,TEMP_DDL	PASS	FAIL	FAIL
37_object_lifecycle_capacity/06_create_table_modification_views.sql	WRITER_ONLY	Empirically rejected by PostgreSQL read-only execution after prerequisites were installed.	HIGH	HIGH	HIGH	Bounded catalog/statistics query; not proportional to user-table bytes.	DDL/DML privileges	PERSISTENT_WRITE	PASS	FAIL	FAIL
37_object_lifecycle_capacity/07_create_growth_views.sql	WRITER_ONLY	Empirically rejected by PostgreSQL read-only execution after prerequisites were installed.	HIGH	HIGH	HIGH	Bounded catalog/statistics query; not proportional to user-table bytes.	DDL/DML privileges	PERSISTENT_WRITE	PASS	FAIL	FAIL
37_object_lifecycle_capacity/08_create_action_advisory_views.sql	WRITER_ONLY	Empirically rejected by PostgreSQL read-only execution after prerequisites were installed.	HIGH	HIGH	HIGH	Bounded catalog/statistics query; not proportional to user-table bytes.	DDL/DML privileges	PERSISTENT_WRITE,EXECUTES_QUERY	PASS	FAIL	FAIL
37_object_lifecycle_capacity/09_scheduler_runbook.sql	EITHER_METADATA	Catalog/metadata diagnostic; a sufficiently current reader can offload the writer.	HIGH	HIGH	HIGH	Bounded catalog/statistics query; not proportional to user-table bytes.	DDL/DML privileges	PERSISTENT_WRITE	PASS	PASS	PASS
37_object_lifecycle_capacity/10_monthly_capacity_report.sql	WRITER_ONLY	Empirically rejected by PostgreSQL read-only execution after prerequisites were installed.	HIGH	HIGH	HIGH	Bounded catalog/statistics query; not proportional to user-table bytes.	DDL/DML privileges	PERSISTENT_WRITE,TEMP_DDL	PASS	FAIL	FAIL
37_object_lifecycle_capacity/11_index_usage_lab_create_use_drop_demo.sql	WRITER_ONLY	Empirically rejected by PostgreSQL read-only execution after prerequisites were installed.	LAB_ONLY	NO	NO	Persistent workload generator/demo; use only in an isolated disposable database.	DDL/DML privileges	PERSISTENT_WRITE,TEMP_DDL,SIZE_CALL,SESSION_SETTING,DATA_GENERATOR,EXECUTES_QUERY	PASS	FAIL	FAIL
37_object_lifecycle_capacity/12_table_modification_tracking_demo.sql	WRITER_ONLY	Empirically rejected by PostgreSQL read-only execution after prerequisites were installed.	LAB_ONLY	NO	NO	Persistent workload generator/demo; use only in an isolated disposable database.	DDL/DML privileges	PERSISTENT_WRITE,TEMP_DDL,SIZE_CALL,SESSION_SETTING,DATA_GENERATOR	PASS	FAIL	FAIL
38_observability_360/01_instance_health_360_dashboard.sql	WRITER_ONLY	Empirically rejected by PostgreSQL read-only execution after prerequisites were installed.	MEDIUM_HIGH	HIGH	MEDIUM_HIGH	Catalog/statistics-wide query; scales with object/session/statistics cardinality.	PostgreSQL 17+ or guarded fallback,DDL/DML privileges	PERSISTENT_WRITE,TEMP_DDL	PASS	FAIL	FAIL
38_observability_360/02_cloudwatch_metric_equivalents.sql	WRITER_ONLY	Empirically rejected by PostgreSQL read-only execution after prerequisites were installed.	MEDIUM_HIGH	HIGH	MEDIUM_HIGH	Catalog/statistics-wide query; scales with object/session/statistics cardinality.	PostgreSQL 16+,DDL/DML privileges	PERSISTENT_WRITE,TEMP_DDL	PASS	FAIL	FAIL
38_observability_360/03_stat_view_coverage_check.sql	RUN_ON_BOTH	Contains both primary and standby evidence; compare writer and reader output.	MEDIUM_HIGH	HIGH	MEDIUM_HIGH	Scans/sorts pg_stat_statements; bounded by tracked statement cardinality, not table TB.	pg_stat_statements,PostgreSQL 16+,PostgreSQL 17+ or guarded fallback,DDL/DML privileges	PERSISTENT_WRITE,PGSS_SCAN	PASS	PASS	PASS
38_observability_360/04_wait_event_hotspots.sql	TARGET_INSTANCE	Runtime counters are instance-local; run on the writer or reader whose workload is being diagnosed.	MEDIUM_HIGH	HIGH	MEDIUM_HIGH	Catalog/statistics-wide query; scales with object/session/statistics cardinality.	none	none	PASS	PASS	PASS
38_observability_360/05_database_activity_metrics.sql	TARGET_INSTANCE	Runtime counters are instance-local; run on the writer or reader whose workload is being diagnosed.	MEDIUM_HIGH	HIGH	MEDIUM_HIGH	Catalog/statistics-wide query; scales with object/session/statistics cardinality.	none	none	PASS	PASS	PASS
38_observability_360/06_table_index_activity_heatmap.sql	WRITER_REQUIRED	Writer-local DML, vacuum, WAL, or maintenance statistics are authoritative.	HIGH	HIGH	HIGH	Bounded catalog/statistics query; not proportional to user-table bytes.	none	SIZE_CALL	PASS	PASS	PASS
38_observability_360/07_wal_checkpoint_archiver_dashboard.sql	WRITER_ONLY	Empirically rejected by PostgreSQL read-only execution after prerequisites were installed.	MEDIUM_HIGH	HIGH	MEDIUM_HIGH	Catalog/statistics-wide query; scales with object/session/statistics cardinality.	PostgreSQL 17+ or guarded fallback,DDL/DML privileges	PERSISTENT_WRITE,TEMP_DDL	PASS	FAIL	FAIL
38_observability_360/08_autovacuum_vacuum_analyze_progress.sql	WRITER_REQUIRED	Writer-local DML, vacuum, WAL, or maintenance statistics are authoritative.	HIGH	HIGH	HIGH	Bounded catalog/statistics query; not proportional to user-table bytes.	none	none	PASS	PASS	PASS
38_observability_360/09_replication_and_slot_dashboard.sql	RUN_ON_BOTH	Contains both primary and standby evidence; compare writer and reader output.	MEDIUM_HIGH	HIGH	MEDIUM_HIGH	Catalog/statistics-wide query; scales with object/session/statistics cardinality.	none	none	PASS	PASS	PASS
38_observability_360/10_query_capture_quality_pgss.sql	WRITER_ONLY	Empirically rejected by PostgreSQL read-only execution after prerequisites were installed.	HIGH	HIGH	HIGH	Bounded catalog/statistics query; not proportional to user-table bytes.	pg_stat_statements,DDL/DML privileges	PERSISTENT_WRITE,TEMP_DDL,PGSS_SCAN	PASS	FAIL	FAIL
38_observability_360/11_growth_and_capacity_snapshot_now.sql	WRITER_PREFERRED	Uses primary WAL/archive/sender state.	MEDIUM	MEDIUM_HIGH	MEDIUM	Calls size functions across relation catalogs; cost grows with object/segment count.	none	SIZE_CALL_LOOP	PASS	PASS	PASS
38_observability_360/12_sme_triage_command_router.sql	TARGET_INSTANCE	Runtime counters are instance-local; run on the writer or reader whose workload is being diagnosed.	MEDIUM_HIGH	HIGH	MEDIUM_HIGH	Scans/sorts pg_stat_statements; bounded by tracked statement cardinality, not table TB.	pg_stat_statements	PGSS_SCAN	PASS	PASS	PASS
39_observer_agent_monitoring/01_create_observer_repository.sql	WRITER_ONLY	Empirically rejected by PostgreSQL read-only execution after prerequisites were installed.	HIGH	HIGH	HIGH	Bounded catalog/statistics query; not proportional to user-table bytes.	DDL/DML privileges	PERSISTENT_WRITE,TEMP_DDL,SESSION_SETTING	PASS	FAIL	FAIL
39_observer_agent_monitoring/02_capture_observer_snapshot.sql	WRITER_ONLY	Empirically rejected by PostgreSQL read-only execution after prerequisites were installed.	MEDIUM_HIGH	HIGH	MEDIUM_HIGH	Catalog/statistics-wide query; scales with object/session/statistics cardinality.	DDL/DML privileges	PERSISTENT_WRITE	PASS	FAIL	FAIL
39_observer_agent_monitoring/03_health_score_dashboard.sql	WRITER_ONLY	Empirically rejected by PostgreSQL read-only execution after prerequisites were installed.	HIGH	HIGH	HIGH	Bounded catalog/statistics query; not proportional to user-table bytes.	DDL/DML privileges	PERSISTENT_WRITE,TEMP_DDL	PASS	FAIL	FAIL
39_observer_agent_monitoring/04_active_incident_detector.sql	RUN_ON_BOTH	Contains both primary and standby evidence; compare writer and reader output.	MEDIUM_HIGH	HIGH	MEDIUM_HIGH	Catalog/statistics-wide query; scales with object/session/statistics cardinality.	DDL/DML privileges	PERSISTENT_WRITE	PASS	PASS	PASS
39_observer_agent_monitoring/05_wait_lock_io_wal_classifier.sql	WRITER_PREFERRED	Uses primary WAL/archive/sender state.	HIGH	HIGH	HIGH	Bounded catalog/statistics query; not proportional to user-table bytes.	none	none	PASS	PASS	PASS
39_observer_agent_monitoring/06_top_root_cause_action_queue.sql	WRITER_ONLY	Empirically rejected by PostgreSQL read-only execution after prerequisites were installed.	HIGH	HIGH	HIGH	Bounded catalog/statistics query; not proportional to user-table bytes.	pg_stat_statements,DDL/DML privileges	PERSISTENT_WRITE,TEMP_DDL,PGSS_SCAN	PASS	FAIL	FAIL
39_observer_agent_monitoring/07_baseline_deviation_report.sql	WRITER_ONLY	Empirically rejected by PostgreSQL read-only execution after prerequisites were installed.	MEDIUM_HIGH	HIGH	MEDIUM_HIGH	Catalog/statistics-wide query; scales with object/session/statistics cardinality.	DDL/DML privileges	PERSISTENT_WRITE,TEMP_DDL	PASS	FAIL	FAIL
39_observer_agent_monitoring/08_sla_risk_dashboard.sql	WRITER_PREFERRED	Uses primary WAL/archive/sender state.	MEDIUM_HIGH	HIGH	MEDIUM_HIGH	Catalog/statistics-wide query; scales with object/session/statistics cardinality.	DDL/DML privileges	PERSISTENT_WRITE	PASS	PASS	PASS
39_observer_agent_monitoring/09_generate_agent_summary.sql	WRITER_ONLY	Empirically rejected by PostgreSQL read-only execution after prerequisites were installed.	HIGH	HIGH	HIGH	Bounded catalog/statistics query; not proportional to user-table bytes.	DDL/DML privileges	PERSISTENT_WRITE,TEMP_DDL	PASS	FAIL	FAIL
39_observer_agent_monitoring/10_observer_scheduler_runbook.sql	EITHER_METADATA	Catalog/metadata diagnostic; a sufficiently current reader can offload the writer.	MEDIUM_HIGH	HIGH	MEDIUM_HIGH	Catalog/statistics-wide query; scales with object/session/statistics cardinality.	DDL/DML privileges	PERSISTENT_WRITE	PASS	PASS	PASS
40_pgadmin_safe_diagnostics/01_pgadmin_compatibility_audit.sql	TARGET_INSTANCE	Runtime counters are instance-local; run on the writer or reader whose workload is being diagnosed.	MEDIUM_HIGH	HIGH	MEDIUM_HIGH	Scans/sorts pg_stat_statements; bounded by tracked statement cardinality, not table TB.	pg_stat_statements,PostgreSQL 16+,DDL/DML privileges	PERSISTENT_WRITE,PGSS_SCAN	PASS	PASS	PASS
40_pgadmin_safe_diagnostics/02_pgadmin_safe_vacuum_progress.sql	WRITER_REQUIRED	Writer-local DML, vacuum, WAL, or maintenance statistics are authoritative.	MEDIUM_HIGH	HIGH	MEDIUM_HIGH	Catalog/statistics-wide query; scales with object/session/statistics cardinality.	none	none	PASS	PASS	PASS
40_pgadmin_safe_diagnostics/03_pgadmin_safe_checkpoint_bgwriter.sql	WRITER_ONLY	Empirically rejected by PostgreSQL read-only execution after prerequisites were installed.	MEDIUM_HIGH	HIGH	MEDIUM_HIGH	Catalog/statistics-wide query; scales with object/session/statistics cardinality.	PostgreSQL 17+ or guarded fallback,TEMP privilege	TEMP_DDL	PASS	FAIL	FAIL
40_pgadmin_safe_diagnostics/04_pgadmin_safe_pg_stat_io_overview.sql	WRITER_ONLY	Empirically rejected by PostgreSQL read-only execution after prerequisites were installed.	MEDIUM_HIGH	HIGH	MEDIUM_HIGH	Catalog/statistics-wide query; scales with object/session/statistics cardinality.	PostgreSQL 16+,TEMP privilege	TEMP_DDL,SESSION_SETTING	PASS	FAIL	FAIL
40_pgadmin_safe_diagnostics/05_pgadmin_safe_pg_stat_statements_quality.sql	WRITER_ONLY	Empirically rejected by PostgreSQL read-only execution after prerequisites were installed.	MEDIUM_HIGH	HIGH	MEDIUM_HIGH	Scans/sorts pg_stat_statements; bounded by tracked statement cardinality, not table TB.	pg_stat_statements,TEMP privilege	TEMP_DDL,PGSS_SCAN,EXECUTES_QUERY	PASS	FAIL	FAIL
40_pgadmin_safe_diagnostics/06_pgadmin_safe_cloudwatch_metric_equivalents.sql	WRITER_ONLY	Empirically rejected by PostgreSQL read-only execution after prerequisites were installed.	MEDIUM_HIGH	HIGH	MEDIUM_HIGH	Catalog/statistics-wide query; scales with object/session/statistics cardinality.	PostgreSQL 17+ or guarded fallback,DDL/DML privileges	PERSISTENT_WRITE,TEMP_DDL	PASS	FAIL	FAIL
40_pgadmin_safe_diagnostics/07_pgadmin_safe_replication_ha_dashboard.sql	RUN_ON_BOTH	Contains both primary and standby evidence; compare writer and reader output.	HIGH	HIGH	HIGH	Bounded catalog/statistics query; not proportional to user-table bytes.	none	none	PASS	PASS	PASS
40_pgadmin_safe_diagnostics/08_pgadmin_safe_wal_checkpoint_archiver.sql	WRITER_ONLY	Empirically rejected by PostgreSQL read-only execution after prerequisites were installed.	MEDIUM_HIGH	HIGH	MEDIUM_HIGH	Catalog/statistics-wide query; scales with object/session/statistics cardinality.	PostgreSQL 17+ or guarded fallback,TEMP privilege	TEMP_DDL	PASS	FAIL	FAIL
40_pgadmin_safe_diagnostics/09_pgadmin_safe_observer_health_dashboard.sql	WRITER_PREFERRED	Uses primary WAL/archive/sender state.	MEDIUM_HIGH	HIGH	MEDIUM_HIGH	Catalog/statistics-wide query; scales with object/session/statistics cardinality.	DDL/DML privileges	PERSISTENT_WRITE	PASS	PASS	PASS
40_pgadmin_safe_diagnostics/10_pgadmin_safe_root_cause_action_queue.sql	WRITER_ONLY	Empirically rejected by PostgreSQL read-only execution after prerequisites were installed.	HIGH	HIGH	HIGH	Bounded catalog/statistics query; not proportional to user-table bytes.	pg_stat_statements,PostgreSQL 16+,DDL/DML privileges	PERSISTENT_WRITE,TEMP_DDL,PGSS_SCAN,EXECUTES_QUERY	PASS	FAIL	FAIL
40_pgadmin_safe_diagnostics/11_pgadmin_safe_backup_restore_evidence.sql	WRITER_ONLY	Empirically rejected by PostgreSQL read-only execution after prerequisites were installed.	MEDIUM_HIGH	HIGH	MEDIUM_HIGH	Catalog/statistics-wide query; scales with object/session/statistics cardinality.	TEMP privilege	TEMP_DDL	PASS	FAIL	FAIL
40_pgadmin_safe_diagnostics/12_pgadmin_safe_sme_diagnosis_router.sql	TARGET_INSTANCE	Runtime counters are instance-local; run on the writer or reader whose workload is being diagnosed.	MEDIUM_HIGH	HIGH	MEDIUM_HIGH	Catalog/statistics-wide query; scales with object/session/statistics cardinality.	PostgreSQL 16+,DDL/DML privileges	PERSISTENT_WRITE,EXECUTES_QUERY	PASS	PASS	PASS
41_aws_rds_aurora_postgresql/01_cloudwatch_metric_deep_dive_router.sql	WRITER_REQUIRED	Writer-local DML, vacuum, WAL, or maintenance statistics are authoritative.	MEDIUM_HIGH	HIGH	MEDIUM_HIGH	Catalog/statistics-wide query; scales with object/session/statistics cardinality.	PostgreSQL 16+,DDL/DML privileges	PERSISTENT_WRITE	PASS	PASS	PASS
41_aws_rds_aurora_postgresql/02_compute_memory_serverless_pressure.sql	WRITER_ONLY	Empirically rejected by PostgreSQL read-only execution after prerequisites were installed.	HIGH	HIGH	HIGH	Bounded catalog/statistics query; not proportional to user-table bytes.	pg_stat_statements,DDL/DML privileges	PERSISTENT_WRITE,TEMP_DDL,PGSS_SCAN	PASS	FAIL	FAIL
41_aws_rds_aurora_postgresql/03_connections_commits_deadlocks.sql	TARGET_INSTANCE	Runtime counters are instance-local; run on the writer or reader whose workload is being diagnosed.	MEDIUM_HIGH	HIGH	MEDIUM_HIGH	Catalog/statistics-wide query; scales with object/session/statistics cardinality.	none	none	PASS	PASS	PASS
41_aws_rds_aurora_postgresql/04_storage_io_cache_temp_pressure.sql	WRITER_ONLY	Empirically rejected by PostgreSQL read-only execution after prerequisites were installed.	HIGH	HIGH	HIGH	Bounded catalog/statistics query; not proportional to user-table bytes.	PostgreSQL 16+,TEMP privilege	TEMP_DDL,SIZE_CALL	PASS	FAIL	FAIL
41_aws_rds_aurora_postgresql/05_wal_checkpoint_log_volume_pressure.sql	WRITER_ONLY	Empirically rejected by PostgreSQL read-only execution after prerequisites were installed.	MEDIUM_HIGH	HIGH	MEDIUM_HIGH	Catalog/statistics-wide query; scales with object/session/statistics cardinality.	PostgreSQL 17+ or guarded fallback,TEMP privilege	TEMP_DDL	PASS	FAIL	FAIL
41_aws_rds_aurora_postgresql/06_replication_slots_global_database_pressure.sql	RUN_ON_BOTH	Contains both primary and standby evidence; compare writer and reader output.	MEDIUM_HIGH	HIGH	MEDIUM_HIGH	Catalog/statistics-wide query; scales with object/session/statistics cardinality.	none	none	PASS	PASS	PASS
41_aws_rds_aurora_postgresql/07_xid_vacuum_wraparound_pressure.sql	WRITER_REQUIRED	Writer-local DML, vacuum, WAL, or maintenance statistics are authoritative.	MEDIUM	MEDIUM_HIGH	MEDIUM	Calls size functions across relation catalogs; cost grows with object/segment count.	DDL/DML privileges	PERSISTENT_WRITE,SIZE_CALL_LOOP	PASS	PASS	PASS
41_aws_rds_aurora_postgresql/08_capacity_backup_billing_correlates.sql	WRITER_PREFERRED	Uses primary WAL/archive/sender state.	MEDIUM	MEDIUM_HIGH	MEDIUM	Calls size functions across relation catalogs; cost grows with object/segment count.	none	SIZE_CALL_LOOP	PASS	PASS	PASS
41_aws_rds_aurora_postgresql/09_network_workload_correlates.sql	WRITER_ONLY	Empirically rejected by PostgreSQL read-only execution after prerequisites were installed.	HIGH	HIGH	HIGH	Bounded catalog/statistics query; not proportional to user-table bytes.	pg_stat_statements,TEMP privilege	TEMP_DDL,PGSS_SCAN	PASS	FAIL	FAIL
41_aws_rds_aurora_postgresql/10_database_insights_dbload_deep_dive.sql	TARGET_INSTANCE	Runtime counters are instance-local; run on the writer or reader whose workload is being diagnosed.	MEDIUM_HIGH	HIGH	MEDIUM_HIGH	Catalog/statistics-wide query; scales with object/session/statistics cardinality.	none	none	PASS	PASS	PASS
41_aws_rds_aurora_postgresql/11_disk_queue_depth_deep_dive.sql	WRITER_ONLY	Empirically rejected by PostgreSQL read-only execution after prerequisites were installed.	MEDIUM_HIGH	HIGH	MEDIUM_HIGH	Catalog/statistics-wide query; scales with object/session/statistics cardinality.	PostgreSQL 16+,TEMP privilege	TEMP_DDL	PASS	FAIL	FAIL
41_aws_rds_aurora_postgresql/12_buffer_cache_read_write_iops_deep_dive.sql	WRITER_ONLY	Empirically rejected by PostgreSQL read-only execution after prerequisites were installed.	MEDIUM	MEDIUM_HIGH	MEDIUM	Interval sampler holds a session; control frequency and concurrency.	PostgreSQL 16+,DDL/DML privileges	PERSISTENT_WRITE,TEMP_DDL,SIZE_CALL	PASS	FAIL	FAIL
41_aws_rds_aurora_postgresql/13_database_telemetry_completeness_audit.sql	WRITER_PREFERRED	Uses primary WAL/archive/sender state.	MEDIUM_HIGH	HIGH	MEDIUM_HIGH	Scans/sorts pg_stat_statements; bounded by tracked statement cardinality, not table TB.	pg_stat_statements,PostgreSQL 16+,DDL/DML privileges	PERSISTENT_WRITE,PGSS_SCAN	PASS	PASS	PASS
42_problem_identification_internals/01_symptom_to_subsystem_router.sql	TARGET_INSTANCE	Runtime counters are instance-local; run on the writer or reader whose workload is being diagnosed.	MEDIUM_HIGH	HIGH	MEDIUM_HIGH	Catalog/statistics-wide query; scales with object/session/statistics cardinality.	PostgreSQL 16+,DDL/DML privileges	PERSISTENT_WRITE	PASS	PASS	PASS
42_problem_identification_internals/02_lock_manager_full_diagnosis.sql	TARGET_INSTANCE	Runtime counters are instance-local; run on the writer or reader whose workload is being diagnosed.	MEDIUM_HIGH	HIGH	MEDIUM_HIGH	Catalog/statistics-wide query; scales with object/session/statistics cardinality.	none	none	PASS	PASS	PASS
42_problem_identification_internals/03_logical_replication_cdc_health.sql	WRITER_PREFERRED	Uses primary WAL/archive/sender state.	MEDIUM_HIGH	HIGH	MEDIUM_HIGH	Catalog/statistics-wide query; scales with object/session/statistics cardinality.	DDL/DML privileges	PERSISTENT_WRITE	PASS	PASS	FAIL
42_problem_identification_internals/04_partition_pruning_maintenance_health.sql	EITHER_METADATA	Catalog/metadata diagnostic; a sufficiently current reader can offload the writer.	MEDIUM_HIGH	HIGH	MEDIUM_HIGH	Catalog/statistics-wide query; scales with object/session/statistics cardinality.	none	SIZE_CALL,EXECUTES_QUERY	PASS	PASS	PASS
42_problem_identification_internals/05_extension_runtime_health.sql	WRITER_ONLY	Empirically rejected by PostgreSQL read-only execution after prerequisites were installed.	MEDIUM_HIGH	HIGH	MEDIUM_HIGH	Catalog/statistics-wide query; scales with object/session/statistics cardinality.	DDL/DML privileges	PERSISTENT_WRITE,TEMP_DDL	PASS	FAIL	FAIL
42_problem_identification_internals/06_pg18_async_io_readiness.sql	WRITER_ONLY	Empirically rejected by PostgreSQL read-only execution after prerequisites were installed.	MEDIUM_HIGH	HIGH	MEDIUM_HIGH	Catalog/statistics-wide query; scales with object/session/statistics cardinality.	PostgreSQL 16+,DDL/DML privileges	PERSISTENT_WRITE,TEMP_DDL	PASS	FAIL	FAIL
42_problem_identification_internals/07_row_level_security_policy_health.sql	EITHER_METADATA	Catalog/metadata diagnostic; a sufficiently current reader can offload the writer.	MEDIUM_HIGH	HIGH	MEDIUM_HIGH	Catalog/statistics-wide query; scales with object/session/statistics cardinality.	none	SESSION_SETTING	PASS	PASS	PASS
